pdb_id,status,legacy_frames,modern_frames,common_frames,max_origin_diff,max_orient_diff,legacy_pairs,modern_pairs,common_pairs,missing_pairs,extra_pairs
1A9N,perfect,72,48,47,0.0000000000,0.0000000000,12,12,12,0,0
1DNO,perfect,40,20,19,0.0000000000,0.0000000000,10,10,10,0,0
1DNX,perfect,40,20,19,0.0000000000,0.0000000000,10,10,10,0,0
1EFW,legacy_issue,0,0,0,0.0000000000,0.0000000000,0,0,0,0,0
1F7V,perfect,127,73,72,0.0000000000,0.0000000000,27,27,27,0,0
1F7Y,perfect,105,57,56,0.0000000000,0.0000000000,24,24,24,0,0
1HR2,perfect,579,315,314,0.0000000000,0.0000000000,132,132,132,0,0
1HYS,perfect,87,45,44,0.0000000000,0.0000000000,21,21,21,0,0
1I2X,perfect,84,45,44,0.0000000000,0.0000000000,20,20,20,0,0
1I2Y,perfect,126,67,66,0.0000000000,0.0000000000,30,30,30,0,0
1I6H,perfect,40,22,21,0.0000000000,0.0000000000,9,9,9,0,0
1I6U,perfect,142,74,73,0.0000000000,0.0000000000,34,34,34,0,0
1I7J,perfect,24,12,11,0.0000000000,0.0000000000,6,6,6,0,0
1I94,perfect,2740,1514,1513,0.0000000000,0.0000000000,613,613,613,0,0
1I9V,perfect,129,75,73,0.0000000000,0.0000000000,27,27,27,0,0
1I9X,perfect,50,26,25,0.0000000000,0.0000000000,12,12,12,0,0
1IBK,perfect,2728,1512,1511,0.0000000000,0.0000000000,608,608,608,0,0
1IBL,perfect,2778,1532,1531,0.0000000000,0.0000000000,623,623,623,0,0
1IBM,perfect,2772,1528,1527,0.0000000000,0.0000000000,622,622,622,0,0
1ICG,perfect,34,18,17,0.0000000000,0.0000000000,8,8,8,0,0
1ID9,perfect,34,18,17,0.0000000000,0.0000000000,8,8,8,0,0
1IDW,perfect,34,18,17,0.0000000000,0.0000000000,8,8,8,0,0
1IHA,perfect,34,18,17,0.0000000000,0.0000000000,8,8,8,0,0
1IK5,perfect,52,28,27,0.0000000000,0.0000000000,12,12,12,0,0
1IL2,perfect,265,147,144,0.0000000000,0.0000000000,59,59,59,0,0
1IVS,perfect,262,152,150,0.0000000000,0.0000000000,55,55,55,0,0
1J1U,perfect,132,74,73,0.0000000000,0.0000000000,29,29,29,0,0
1J2B,perfect,240,148,147,0.0000000000,0.0000000000,46,46,46,0,0
1J5E,perfect,2745,1513,1512,0.0000000000,0.0000000000,616,616,616,0,0
1J7T,perfect,78,42,41,0.0000000000,0.0000000000,18,18,18,0,0
1J8G,perfect,32,25,24,0.0000000000,0.0000000000,4,4,4,0,0
1J9H,perfect,68,36,35,0.0000000000,0.0000000000,16,16,16,0,0
1JB8,perfect,40,20,19,0.0000000000,0.0000000000,10,10,10,0,0
1JBR,perfect,114,62,61,0.0000000000,0.0000000000,26,26,26,0,0
1JBS,perfect,106,58,57,0.0000000000,0.0000000000,24,24,24,0,0
1JBT,perfect,106,58,57,0.0000000000,0.0000000000,24,24,24,0,0
1JID,perfect,53,29,28,0.0000000000,0.0000000000,12,12,12,0,0
1JZV,perfect,66,34,33,0.0000000000,0.0000000000,16,16,16,0,0
1K8W,perfect,38,22,21,0.0000000000,0.0000000000,8,8,8,0,0
1K9W,perfect,168,92,91,0.0000000000,0.0000000000,38,38,38,0,0
1KD3,perfect,42,22,21,0.0000000000,0.0000000000,10,10,10,0,0
1KD4,perfect,42,22,21,0.0000000000,0.0000000000,10,10,10,0,0
1KD5,perfect,42,22,21,0.0000000000,0.0000000000,10,10,10,0,0
1KH6,perfect,88,48,47,0.0000000000,0.0000000000,20,20,20,0,0
1KOG,perfect,554,304,295,0.0000000000,0.0000000000,125,125,125,0,0
1KUQ,perfect,105,57,56,0.0000000000,0.0000000000,24,24,24,0,0
1KXK,perfect,126,70,69,0.0000000000,0.0000000000,28,28,28,0,0
1L2X,perfect,44,28,27,0.0000000000,0.0000000000,8,8,8,0,0
1L3D,perfect,46,28,27,0.0000000000,0.0000000000,9,9,9,0,0
1L8V,perfect,574,314,313,0.0000000000,0.0000000000,130,130,130,0,0
1L9A,perfect,240,126,125,0.0000000000,0.0000000000,57,57,57,0,0
1LC4,perfect,78,42,41,0.0000000000,0.0000000000,18,18,18,0,0
1LNG,perfect,181,97,96,0.0000000000,0.0000000000,42,42,42,0,0
1LNT,perfect,48,24,23,0.0000000000,0.0000000000,12,12,12,0,0
1M5K,perfect,422,226,225,0.0000000000,0.0000000000,98,98,98,0,0
1M5O,perfect,418,226,225,0.0000000000,0.0000000000,96,96,96,0,0
1M5P,perfect,420,226,225,0.0000000000,0.0000000000,97,97,97,0,0
1M5V,perfect,414,226,225,0.0000000000,0.0000000000,94,94,94,0,0
1MFQ,perfect,238,128,127,0.0000000000,0.0000000000,55,55,55,0,0
1MHK,perfect,42,26,25,0.0000000000,0.0000000000,8,8,8,0,0
1MJI,perfect,116,68,67,0.0000000000,0.0000000000,24,24,24,0,0
1MME,perfect,152,82,81,0.0000000000,0.0000000000,35,35,35,0,0
1MMS,perfect,204,116,115,0.0000000000,0.0000000000,44,44,44,0,0
1MSW,perfect,79,47,46,0.0000000000,0.0000000000,16,16,16,0,0
1MSY,perfect,49,27,26,0.0000000000,0.0000000000,11,11,11,0,0
1MWL,perfect,78,42,41,0.0000000000,0.0000000000,18,18,18,0,0
1MZP,perfect,101,55,54,0.0000000000,0.0000000000,23,23,23,0,0
1N1H,perfect,12,8,6,0.0000000000,0.0000000000,2,2,2,0,0
1N32,perfect,2778,1532,1531,0.0000000000,0.0000000000,623,623,623,0,0
1N33,perfect,2756,1528,1527,0.0000000000,0.0000000000,614,614,614,0,0
1N35,perfect,28,16,14,0.0000000000,0.0000000000,6,6,6,0,0
1N38,perfect,16,10,8,0.0000000000,0.0000000000,3,3,3,0,0
1N77,perfect,268,152,150,0.0000000000,0.0000000000,58,58,58,0,0
1N78,perfect,268,152,150,0.0000000000,0.0000000000,58,58,58,0,0
1N7A,perfect,96,50,47,0.0000000000,0.0000000000,24,24,24,0,0
1N7B,perfect,96,50,47,0.0000000000,0.0000000000,24,24,24,0,0
1NB7,perfect,10,8,7,0.0000000000,0.0000000000,1,1,1,0,0
1NBS,perfect,492,270,269,0.0000000000,0.0000000000,111,111,111,0,0
1NH3,perfect,88,44,43,0.0000000000,0.0000000000,22,22,22,0,0
1NLC,perfect,90,46,45,0.0000000000,0.0000000000,22,22,22,0,0
1NTA,perfect,72,40,39,0.0000000000,0.0000000000,16,16,16,0,0
1NTB,perfect,72,40,39,0.0000000000,0.0000000000,16,16,16,0,0
1NUJ,perfect,178,96,95,0.0000000000,0.0000000000,41,41,41,0,0
1NUV,perfect,178,96,95,0.0000000000,0.0000000000,41,41,41,0,0
1NYI,perfect,79,41,39,0.0000000000,0.0000000000,19,19,19,0,0
1O0B,perfect,131,75,73,0.0000000000,0.0000000000,28,28,28,0,0
1O0C,perfect,131,75,73,0.0000000000,0.0000000000,28,28,28,0,0
1O3Z,perfect,90,46,45,0.0000000000,0.0000000000,22,22,22,0,0
1O9M,perfect,78,44,41,0.0000000000,0.0000000000,18,18,18,0,0
1OB2,perfect,138,78,76,0.0000000000,0.0000000000,30,30,30,0,0
1OB5,perfect,417,231,223,0.0000000000,0.0000000000,93,93,93,0,0
1OFX,perfect,40,21,20,0.0000000000,0.0000000000,10,10,10,0,0
1OOA,perfect,104,58,57,0.0000000000,0.0000000000,23,23,23,0,0
1P6V,perfect,119,69,68,0.0000000000,0.0000000000,25,25,25,0,0
1PJG,perfect,40,20,19,0.0000000000,0.0000000000,10,10,10,0,0
1PJO,perfect,40,20,19,0.0000000000,0.0000000000,10,10,10,0,0
1Q29,perfect,77,41,40,0.0000000000,0.0000000000,18,18,18,0,0
1Q2R,perfect,68,42,35,0.0000000000,0.0000000000,13,13,13,0,0
1Q2S,perfect,66,40,37,0.0000000000,0.0000000000,13,13,13,0,0
1Q93,perfect,157,81,80,0.0000000000,0.0000000000,38,38,38,0,0
1Q96,perfect,157,81,80,0.0000000000,0.0000000000,38,38,38,0,0
1Q9A,perfect,47,27,26,0.0000000000,0.0000000000,10,10,10,0,0
1QA6,perfect,208,116,115,0.0000000000,0.0000000000,46,46,46,0,0
1QBP,perfect,168,84,78,0.0000000000,0.0000000000,42,42,42,0,0
1QC0,perfect,113,57,56,0.0000000000,0.0000000000,28,28,28,0,0
1QCU,perfect,88,44,43,0.0000000000,0.0000000000,22,22,22,0,0
1QF6,perfect,133,77,75,0.0000000000,0.0000000000,28,28,28,0,0
1QLN,perfect,71,39,38,0.0000000000,0.0000000000,16,16,16,0,0
1QRS,perfect,133,75,73,0.0000000000,0.0000000000,29,29,29,0,0
1QRT,perfect,133,75,73,0.0000000000,0.0000000000,29,29,29,0,0
1QRU,legacy_issue,0,0,0,0.0000000000,0.0000000000,0,0,0,0,0
1QTQ,perfect,131,75,73,0.0000000000,0.0000000000,28,28,28,0,0
1QU2,perfect,135,75,74,0.0000000000,0.0000000000,30,30,30,0,0
1QU3,perfect,133,75,74,0.0000000000,0.0000000000,29,29,29,0,0
1R3E,perfect,91,51,50,0.0000000000,0.0000000000,20,20,20,0,0
1R3O,perfect,64,32,31,0.0000000000,0.0000000000,16,16,16,0,0
1R9F,perfect,76,38,36,0.0000000000,0.0000000000,19,19,19,0,0
1R9T,perfect,91,53,51,0.0000000000,0.0000000000,19,19,19,0,0
1RC7,perfect,80,40,39,0.0000000000,0.0000000000,20,20,20,0,0
1RLG,perfect,94,50,49,0.0000000000,0.0000000000,22,22,22,0,0
1RNA,perfect,56,28,27,0.0000000000,0.0000000000,14,14,14,0,0
1RPU,perfect,80,42,41,0.0000000000,0.0000000000,19,19,19,0,0
1RXB,perfect,32,16,15,0.0000000000,0.0000000000,8,8,8,0,0
1S03,perfect,172,94,93,0.0000000000,0.0000000000,39,39,39,0,0
1S0V,perfect,274,140,135,0.0000000000,0.0000000000,67,67,67,0,0
1S76,perfect,80,48,46,0.0000000000,0.0000000000,16,16,16,0,0
1S77,perfect,86,48,47,0.0000000000,0.0000000000,19,19,19,0,0
1SA9,perfect,72,40,39,0.0000000000,0.0000000000,16,16,16,0,0
1SAQ,perfect,72,40,39,0.0000000000,0.0000000000,16,16,16,0,0
1SDR,perfect,96,48,47,0.0000000000,0.0000000000,24,24,24,0,0
1SER,perfect,114,64,62,0.0000000000,0.0000000000,25,25,25,0,0
1SJ3,perfect,127,73,72,0.0000000000,0.0000000000,27,27,27,0,0
1SJ4,perfect,125,73,72,0.0000000000,0.0000000000,26,26,26,0,0
1SJF,perfect,126,74,73,0.0000000000,0.0000000000,26,26,26,0,0
1T0D,perfect,124,66,65,0.0000000000,0.0000000000,29,29,29,0,0
1T0E,perfect,65,35,34,0.0000000000,0.0000000000,15,15,15,0,0
1T0K,perfect,53,27,26,0.0000000000,0.0000000000,13,13,13,0,0
1TFW,perfect,140,78,75,0.0000000000,0.0000000000,31,31,31,0,0
1TFY,perfect,139,77,72,0.0000000000,0.0000000000,31,31,31,0,0
1TN1,legacy_issue,0,0,0,0.0000000000,0.0000000000,0,0,0,0,0
1TN2,legacy_issue,0,0,0,0.0000000000,0.0000000000,0,0,0,0,0
1TRA,perfect,134,76,75,0.0000000000,0.0000000000,29,29,29,0,0
1TTT,legacy_issue,0,0,0,0.0000000000,0.0000000000,0,0,0,0,0
1U0B,perfect,136,74,73,0.0000000000,0.0000000000,31,31,31,0,0
1U1Y,perfect,55,33,32,0.0000000000,0.0000000000,11,11,11,0,0
1U63,perfect,178,98,97,0.0000000000,0.0000000000,40,40,40,0,0
1U6B,perfect,402,222,221,0.0000000000,0.0000000000,90,90,90,0,0
1U9S,perfect,277,155,154,0.0000000000,0.0000000000,61,61,61,0,0
1UN6,perfect,228,122,121,0.0000000000,0.0000000000,53,53,53,0,0
1URN,perfect,83,55,51,0.0000000000,0.0000000000,14,14,14,0,0
1UVN,perfect,30,18,13,0.0000000000,0.0000000000,6,6,6,0,0
1VBX,perfect,127,73,72,0.0000000000,0.0000000000,27,27,27,0,0
1VBY,perfect,127,73,72,0.0000000000,0.0000000000,27,27,27,0,0
1VBZ,perfect,125,73,72,0.0000000000,0.0000000000,26,26,26,0,0
1VC0,perfect,125,73,72,0.0000000000,0.0000000000,26,26,26,0,0
1VC5,perfect,124,70,69,0.0000000000,0.0000000000,27,27,27,0,0
1VC6,perfect,126,72,71,0.0000000000,0.0000000000,27,27,27,0,0
1VFG,perfect,115,67,65,0.0000000000,0.0000000000,24,24,24,0,0
1VTQ,perfect,133,75,74,0.0000000000,0.0000000000,29,29,29,0,0
1WMQ,perfect,18,14,13,0.0000000000,0.0000000000,2,2,2,0,0
1WNE,perfect,25,13,12,0.0000000000,0.0000000000,6,6,6,0,0
1WPU,perfect,18,14,13,0.0000000000,0.0000000000,2,2,2,0,0
1WRQ,perfect,16,14,13,0.0000000000,0.0000000000,1,1,1,0,0
1WSU,perfect,123,65,64,0.0000000000,0.0000000000,29,29,29,0,0
1WVD,perfect,90,46,45,0.0000000000,0.0000000000,22,22,22,0,0
1WZ2,perfect,304,176,175,0.0000000000,0.0000000000,64,64,64,0,0
1X9C,perfect,117,61,60,0.0000000000,0.0000000000,28,28,28,0,0
1X9K,perfect,116,62,61,0.0000000000,0.0000000000,27,27,27,0,0
1XJR,perfect,85,47,46,0.0000000000,0.0000000000,19,19,19,0,0
1XMO,perfect,2733,1521,1520,0.0000000000,0.0000000000,606,606,606,0,0
1XMQ,perfect,2742,1522,1521,0.0000000000,0.0000000000,610,610,610,0,0
1XNQ,perfect,2740,1522,1521,0.0000000000,0.0000000000,609,609,609,0,0
1XNR,perfect,2742,1522,1521,0.0000000000,0.0000000000,610,610,610,0,0
1XOK,perfect,62,36,35,0.0000000000,0.0000000000,13,13,13,0,0
1XP7,perfect,86,46,45,0.0000000000,0.0000000000,20,20,20,0,0
1XPE,perfect,86,46,45,0.0000000000,0.0000000000,20,20,20,0,0
1XPF,perfect,86,47,45,0.0000000000,0.0000000000,20,20,20,0,0
1YYW,perfect,192,96,95,0.0000000000,0.0000000000,48,48,48,0,0
1ZX7,perfect,216,116,115,0.0000000000,0.0000000000,50,50,50,0,0
2ATW,perfect,28,24,23,0.0000000000,0.0000000000,2,2,2,0,0
2B8R,perfect,86,46,45,0.0000000000,0.0000000000,20,20,20,0,0
2BQ5,perfect,60,36,35,0.0000000000,0.0000000000,12,12,12,0,0
2C4Q,perfect,58,34,33,0.0000000000,0.0000000000,12,12,12,0,0
2C4Y,perfect,50,30,29,0.0000000000,0.0000000000,10,10,10,0,0
2DQO,perfect,36,18,17,0.0000000000,0.0000000000,9,9,9,0,0
2DR2,perfect,129,75,74,0.0000000000,0.0000000000,27,27,27,0,0
2F4S,perfect,76,43,42,0.0000000000,0.0000000000,17,17,17,0,0
2F4T,perfect,80,44,43,0.0000000000,0.0000000000,18,18,18,0,0
2FCY,perfect,86,46,45,0.0000000000,0.0000000000,20,20,20,0,0
2GJE,perfect,24,18,17,0.0000000000,0.0000000000,3,3,3,0,0
2GRB,perfect,85,45,44,0.0000000000,0.0000000000,20,20,20,0,0
2IZ8,perfect,47,29,28,0.0000000000,0.0000000000,9,9,9,0,0
2O5J,perfect,198,106,103,0.0000000000,0.0000000000,46,46,46,0,0
2PXD,perfect,91,49,48,0.0000000000,0.0000000000,21,21,21,0,0
2PXE,perfect,91,49,48,0.0000000000,0.0000000000,21,21,21,0,0
2UUC,perfect,2773,1529,1527,0.0000000000,0.0000000000,622,622,622,0,0
2VAL,perfect,56,28,27,0.0000000000,0.0000000000,14,14,14,0,0
2XS2,perfect,8,6,5,0.0000000000,0.0000000000,1,1,1,0,0
2YGH,perfect,169,95,93,0.0000000000,0.0000000000,37,37,37,0,0
2ZH2,perfect,62,34,33,0.0000000000,0.0000000000,14,14,14,0,0
315D,perfect,32,16,15,0.0000000000,0.0000000000,8,8,8,0,0
3ADB,perfect,333,185,183,0.0000000000,0.0000000000,74,74,74,0,0
3AVU,perfect,30,16,15,0.0000000000,0.0000000000,7,7,7,0,0
3AVY,perfect,39,23,22,0.0000000000,0.0000000000,8,8,8,0,0
3BNL,perfect,84,44,43,0.0000000000,0.0000000000,20,20,20,0,0
3C5D,perfect,86,46,45,0.0000000000,0.0000000000,20,20,20,0,0
3DIZ,perfect,334,174,173,0.0000000000,0.0000000000,80,80,80,0,0
3F2T,difference,196,109,107,0.0000000000,0.0000000000,44,45,44,0,1
3FOZ,perfect,257,143,142,0.0000000000,0.0000000000,57,57,57,0,0
3G78,perfect,742,398,397,0.0000000000,0.0000000000,172,172,172,0,0
3G8T,perfect,1065,615,610,0.0000000000,0.0000000000,225,225,225,0,0
3HXM,perfect,37,21,19,0.0000000000,0.0000000000,8,8,8,0,0
3IWN,perfect,320,188,186,0.0000000000,0.0000000000,66,66,66,0,0
3KNC,perfect,32,16,14,0.0000000000,0.0000000000,8,8,8,0,0
3LWR,perfect,128,70,69,0.0000000000,0.0000000000,29,29,29,0,0
3NL0,perfect,25,13,12,0.0000000000,0.0000000000,6,6,6,0,0
3OK4,perfect,120,60,56,0.0000000000,0.0000000000,30,30,30,0,0
3OT0,perfect,34,18,15,0.0000000000,0.0000000000,8,8,8,0,0
3OXE,perfect,310,176,175,0.0000000000,0.0000000000,67,67,67,0,0
3RZD,perfect,21,13,12,0.0000000000,0.0000000000,4,4,4,0,0
3RZO,perfect,20,12,11,0.0000000000,0.0000000000,4,4,4,0,0
3UD4,perfect,158,94,93,0.0000000000,0.0000000000,32,32,32,0,0
3ZD4,perfect,121,63,62,0.0000000000,0.0000000000,29,29,29,0,0
485D,perfect,32,16,14,0.0000000000,0.0000000000,8,8,8,0,0
4AL5,perfect,28,16,15,0.0000000000,0.0000000000,6,6,6,0,0
4C8Y,perfect,23,13,12,0.0000000000,0.0000000000,5,5,5,0,0
4DQS,perfect,46,24,23,0.0000000000,0.0000000000,11,11,11,0,0
4E6B,perfect,32,16,15,0.0000000000,0.0000000000,8,8,8,0,0
4E8N,perfect,726,393,387,0.0000000000,0.0000000000,167,167,167,0,0
4ERJ,perfect,307,161,160,0.0000000000,0.0000000000,73,73,73,0,0
4FEJ,perfect,128,68,67,0.0000000000,0.0000000000,30,30,30,0,0
4FEL,perfect,128,68,67,0.0000000000,0.0000000000,30,30,30,0,0
4IFD,perfect,28,20,17,0.0000000000,0.0000000000,4,4,4,0,0
4JV5,perfect,2752,1526,1524,0.0000000000,0.0000000000,613,613,613,0,0
4KR3,perfect,129,71,69,0.0000000000,0.0000000000,29,29,29,0,0
4KYY,perfect,68,34,33,0.0000000000,0.0000000000,17,17,17,0,0
4KZE,perfect,156,84,83,0.0000000000,0.0000000000,36,36,36,0,0
4M2Z,perfect,104,56,53,0.0000000000,0.0000000000,24,24,24,0,0
4MCF,perfect,156,78,76,0.0000000000,0.0000000000,39,39,39,0,0
4O26,perfect,168,94,93,0.0000000000,0.0000000000,37,37,37,0,0
4Q5V,perfect,92,48,46,0.0000000000,0.0000000000,22,22,22,0,0
4QCL,perfect,49,25,24,0.0000000000,0.0000000000,12,12,12,0,0
4QEI,perfect,126,70,69,0.0000000000,0.0000000000,28,28,28,0,0
4W5Q,perfect,43,27,26,0.0000000000,0.0000000000,8,8,8,0,0
4WAL,perfect,9,7,6,0.0000000000,0.0000000000,1,1,1,0,0
4WC6,perfect,136,76,75,0.0000000000,0.0000000000,30,30,30,0,0
4WFM,perfect,382,206,205,0.0000000000,0.0000000000,88,88,88,0,0
4WTI,perfect,12,7,5,0.0000000000,0.0000000000,3,3,3,0,0
4X4R,perfect,119,69,66,0.0000000000,0.0000000000,25,25,25,0,0
4Y1I,perfect,370,202,200,0.0000000000,0.0000000000,84,84,84,0,0
5AXM,perfect,129,73,72,0.0000000000,0.0000000000,28,28,28,0,0
5DHC,perfect,128,64,59,0.0000000000,0.0000000000,32,32,32,0,0
5F8H,perfect,42,22,21,0.0000000000,0.0000000000,10,10,10,0,0
5FJ4,perfect,122,70,68,0.0000000000,0.0000000000,26,26,26,0,0
5FK5,perfect,169,95,94,0.0000000000,0.0000000000,37,37,37,0,0
5IWA,perfect,2745,1509,1508,0.0000000000,0.0000000000,618,618,618,0,0
5JXS,perfect,26,14,13,0.0000000000,0.0000000000,6,6,6,0,0
5L00,perfect,128,64,62,0.0000000000,0.0000000000,32,32,32,0,0
5MRX,perfect,47,27,26,0.0000000000,0.0000000000,10,10,10,0,0
5MSF,perfect,56,34,33,0.0000000000,0.0000000000,11,11,11,0,0
5O7H,perfect,58,42,41,0.0000000000,0.0000000000,8,8,8,0,0
5ON3,perfect,284,160,155,0.0000000000,0.0000000000,62,62,62,0,0
5OOM,perfect,1932,1148,1147,0.0000000000,0.0000000000,392,392,392,0,0
5SWD,perfect,243,133,132,0.0000000000,0.0000000000,55,55,55,0,0
5T16,perfect,256,136,134,0.0000000000,0.0000000000,60,60,60,0,0
5UJ2,perfect,25,13,10,0.0000000000,0.0000000000,6,6,6,0,0
5UNE,perfect,182,94,93,0.0000000000,0.0000000000,44,44,44,0,0
5UZA,perfect,134,72,71,0.0000000000,0.0000000000,31,31,31,0,0
5V0O,difference,61,34,33,0.0000000000,0.0000000000,14,15,14,0,1
5VJB,perfect,120,68,63,0.0000000000,0.0000000000,28,28,28,0,0
5VZ8,perfect,36,18,15,0.0000000000,0.0000000000,9,9,9,0,0
5W7O,perfect,22,12,11,0.0000000000,0.0000000000,5,5,5,0,0
5XH7,perfect,153,79,77,0.0000000000,0.0000000000,37,37,37,0,0
5XN0,perfect,133,73,71,0.0000000000,0.0000000000,30,30,30,0,0
5XOW,perfect,70,38,37,0.0000000000,0.0000000000,16,16,16,0,0
5Y7M,perfect,190,104,101,0.0000000000,0.0000000000,43,43,43,0,0
5Z98,perfect,31,17,15,0.0000000000,0.0000000000,7,7,7,0,0
6AZ4,perfect,77,41,40,0.0000000000,0.0000000000,18,18,18,0,0
6BSJ,perfect,91,47,45,0.0000000000,0.0000000000,22,22,22,0,0
6CAP,perfect,2773,1533,1531,0.0000000000,0.0000000000,620,620,620,0,0
6CAQ,perfect,2779,1533,1531,0.0000000000,0.0000000000,623,623,623,0,0
6CVQ,perfect,78,42,40,0.0000000000,0.0000000000,18,18,18,0,0
6DOM,perfect,24,12,11,0.0000000000,0.0000000000,6,6,6,0,0
6DPH,perfect,24,12,11,0.0000000000,0.0000000000,6,6,6,0,0
6E84,perfect,62,36,35,0.0000000000,0.0000000000,13,13,13,0,0
6FQ3,perfect,23,13,12,0.0000000000,0.0000000000,5,5,5,0,0
6G5I,perfect,2933,1657,1656,0.0000000000,0.0000000000,638,638,638,0,0
6HC5,perfect,31,17,15,0.0000000000,0.0000000000,7,7,7,0,0
6HLQ,perfect,136,74,72,0.0000000000,0.0000000000,31,31,31,0,0
6IFU,perfect,110,62,61,0.0000000000,0.0000000000,24,24,24,0,0
6J6G,perfect,903,551,549,0.0000000000,0.0000000000,176,176,176,0,0
6JE4,perfect,1382,736,732,0.0000000000,0.0000000000,323,323,323,0,0
6K32,perfect,16,10,5,0.0000000000,0.0000000000,3,3,3,0,0
6LTP,perfect,124,84,83,0.0000000000,0.0000000000,20,20,20,0,0
6LTU,perfect,181,99,98,0.0000000000,0.0000000000,41,41,41,0,0
6MFN,perfect,31,17,14,0.0000000000,0.0000000000,7,7,7,0,0
6N5O,perfect,224,128,127,0.0000000000,0.0000000000,48,48,48,0,0
6N5P,perfect,221,129,128,0.0000000000,0.0000000000,46,46,46,0,0
6N5Q,perfect,226,130,129,0.0000000000,0.0000000000,48,48,48,0,0
6O7I,perfect,73,49,47,0.0000000000,0.0000000000,12,12,12,0,0
6OVY,perfect,57,35,34,0.0000000000,0.0000000000,11,11,11,0,0
6RJA,perfect,366,194,192,0.0000000000,0.0000000000,86,86,86,0,0
6RJD,perfect,229,123,122,0.0000000000,0.0000000000,53,53,53,0,0
6RJG,perfect,235,123,122,0.0000000000,0.0000000000,56,56,56,0,0
6S6B,perfect,53,51,50,0.0000000000,0.0000000000,1,1,1,0,0
6T0U,perfect,31,23,22,0.0000000000,0.0000000000,4,4,4,0,0
6UFG,perfect,435,239,238,0.0000000000,0.0000000000,98,98,98,0,0
6VUH,perfect,57,33,32,0.0000000000,0.0000000000,12,12,12,0,0
6W7N,perfect,2454,1372,1371,0.0000000000,0.0000000000,541,541,541,0,0
6XN4,perfect,103,65,63,0.0000000000,0.0000000000,19,19,19,0,0
6ZLW,perfect,2973,1665,1664,0.0000000000,0.0000000000,654,654,654,0,0
6ZOL,perfect,820,472,471,0.0000000000,0.0000000000,174,174,174,0,0
6ZWU,perfect,64,32,31,0.0000000000,0.0000000000,16,16,16,0,0
6ZXH,perfect,2938,1652,1650,0.0000000000,0.0000000000,643,643,643,0,0
7B3B,perfect,39,22,20,0.0000000000,0.0000000000,9,9,9,0,0
7BOH,perfect,2765,1527,1526,0.0000000000,0.0000000000,619,619,619,0,0
7BPV,perfect,40,20,19,0.0000000000,0.0000000000,10,10,10,0,0
7D7X,perfect,97,53,51,0.0000000000,0.0000000000,22,22,22,0,0
7EDT,perfect,48,24,23,0.0000000000,0.0000000000,12,12,12,0,0
7K9E,perfect,224,120,118,0.0000000000,0.0000000000,52,52,52,0,0
7KUN,perfect,52,28,27,0.0000000000,0.0000000000,12,12,12,0,0
7L0Z,perfect,129,71,68,0.0000000000,0.0000000000,30,30,30,0,0
7MDL,perfect,156,86,80,0.0000000000,0.0000000000,35,35,35,0,0
7MJW,perfect,44,28,24,0.0000000000,0.0000000000,8,8,8,0,0
7MKO,perfect,121,63,61,0.0000000000,0.0000000000,29,29,29,0,0
7MRL,perfect,137,75,74,0.0000000000,0.0000000000,31,31,31,0,0
7O5H,difference,1760,964,963,0.0000000000,0.0000000000,398,398,397,1,1
7OAW,perfect,384,207,200,0.0000000000,0.0000000000,89,89,89,0,0
7Q82,perfect,111,63,61,0.0000000000,0.0000000000,24,24,24,0,0
7R0E,perfect,82,50,47,0.0000000000,0.0000000000,16,16,16,0,0
7R6K,perfect,256,152,151,0.0000000000,0.0000000000,52,52,52,0,0
7R6Q,perfect,741,439,436,0.0000000000,0.0000000000,151,151,151,0,0
7R97,perfect,108,56,55,0.0000000000,0.0000000000,26,26,26,0,0
7RE1,perfect,142,76,71,0.0000000000,0.0000000000,34,34,34,0,0
7S36,perfect,227,131,129,0.0000000000,0.0000000000,48,48,48,0,0
7TO2,perfect,61,31,29,0.0000000000,0.0000000000,15,15,15,0,0
7UO7,perfect,133,67,65,0.0000000000,0.0000000000,33,33,33,0,0
7UXA,perfect,142,78,77,0.0000000000,0.0000000000,32,32,32,0,0
7UZ0,perfect,155,87,86,0.0000000000,0.0000000000,34,34,34,0,0
7VNV,difference,274,156,155,0.0000000000,0.0000000000,59,58,57,2,1
7XD7,perfect,729,406,404,0.0000000000,0.0000000000,162,162,162,0,0
7XHT,perfect,412,221,219,0.0000000000,0.0000000000,96,96,96,0,0
7XUE,perfect,250,136,135,0.0000000000,0.0000000000,57,57,57,0,0
7XYA,perfect,234,126,125,0.0000000000,0.0000000000,54,54,54,0,0
7Y2P,perfect,52,26,25,0.0000000000,0.0000000000,13,13,13,0,0
7Y7P,perfect,67,37,34,0.0000000000,0.0000000000,15,15,15,0,0
7Y8Y,perfect,79,55,54,0.0000000000,0.0000000000,12,12,12,0,0
7Z4H,perfect,258,142,141,0.0000000000,0.0000000000,58,58,58,0,0
8BH9,perfect,20,12,11,0.0000000000,0.0000000000,4,4,4,0,0
8BYV,difference,2765,1533,1532,0.0000000000,0.0000000000,616,616,615,1,1
8CBM,perfect,116,68,66,0.0000000000,0.0000000000,24,24,24,0,0
8CF1,perfect,857,485,484,0.0000000000,0.0000000000,186,186,186,0,0
8CGU,perfect,1964,1078,1076,0.0000000000,0.0000000000,443,443,443,0,0
8CLM,perfect,108,54,53,0.0000000000,0.0000000000,27,27,27,0,0
8D5L,perfect,236,132,131,0.0000000000,0.0000000000,52,52,52,0,0
8DH1,perfect,210,110,102,0.0000000000,0.0000000000,52,52,52,0,0
8E87,perfect,37,19,16,0.0000000000,0.0000000000,9,9,9,0,0
8EHF,perfect,123,63,62,0.0000000000,0.0000000000,30,30,30,0,0
8GZG,perfect,181,99,98,0.0000000000,0.0000000000,41,41,41,0,0
8GZH,perfect,189,105,103,0.0000000000,0.0000000000,42,42,42,0,0
8GZR,perfect,60,36,33,0.0000000000,0.0000000000,12,12,12,0,0
8HNT,perfect,174,102,101,0.0000000000,0.0000000000,36,36,36,0,0
8I7N,perfect,758,420,417,0.0000000000,0.0000000000,170,170,170,0,0
8J1J,perfect,283,151,150,0.0000000000,0.0000000000,66,66,66,0,0
8J3R,perfect,256,140,139,0.0000000000,0.0000000000,58,58,58,0,0
8J9G,perfect,42,24,23,0.0000000000,0.0000000000,9,9,9,0,0
8K88,perfect,82,44,43,0.0000000000,0.0000000000,19,19,19,0,0
8OKD,perfect,252,140,139,0.0000000000,0.0000000000,56,56,56,0,0
8P0U,perfect,24,18,17,0.0000000000,0.0000000000,3,3,3,0,0
8PEN,perfect,168,88,87,0.0000000000,0.0000000000,40,40,40,0,0
8QMI,perfect,40,24,23,0.0000000000,0.0000000000,8,8,8,0,0
8S52,perfect,253,127,124,0.0000000000,0.0000000000,63,63,63,0,0
8S9U,perfect,122,70,69,0.0000000000,0.0000000000,26,26,26,0,0
8T2T,perfect,998,546,545,0.0000000000,0.0000000000,226,226,226,0,0
8T6O,perfect,231,131,129,0.0000000000,0.0000000000,50,50,50,0,0
8TKK,difference,206,108,107,0.0000000000,0.0000000000,49,48,48,1,0
8TSV,perfect,194,98,95,0.0000000000,0.0000000000,48,48,48,0,0
8U5Z,perfect,186,108,107,0.0000000000,0.0000000000,39,39,39,0,0
8UPY,perfect,128,72,71,0.0000000000,0.0000000000,28,28,28,0,0
8VFS,perfect,101,53,51,0.0000000000,0.0000000000,24,24,24,0,0
8VMA,perfect,334,176,175,0.0000000000,0.0000000000,79,79,79,0,0
8VPV,difference,172,100,98,0.0000000000,0.0000000000,36,35,35,1,0
8WAW,perfect,216,110,109,0.0000000000,0.0000000000,53,53,53,0,0
8WF8,perfect,89,55,54,0.0000000000,0.0000000000,17,17,17,0,0
8Y7Z,perfect,75,41,40,0.0000000000,0.0000000000,17,17,17,0,0
8YHA,perfect,174,108,106,0.0000000000,0.0000000000,33,33,33,0,0
8Z0L,perfect,165,97,96,0.0000000000,0.0000000000,34,34,34,0,0
9ASO,perfect,133,71,70,0.0000000000,0.0000000000,31,31,31,0,0
9BDD,perfect,118,62,61,0.0000000000,0.0000000000,28,28,28,0,0
9CF3,difference,179,99,96,0.0000000000,0.0000000000,40,40,39,1,1
9DOW,perfect,133,75,72,0.0000000000,0.0000000000,29,29,29,0,0
9DPB,perfect,131,75,72,0.0000000000,0.0000000000,28,28,28,0,0
9DUK,perfect,2746,1518,1517,0.0000000000,0.0000000000,614,614,614,0,0
9FD2,perfect,200,104,103,0.0000000000,0.0000000000,48,48,48,0,0
9G9K,perfect,88,54,52,0.0000000000,0.0000000000,17,17,17,0,0
9JA1,perfect,92,46,44,0.0000000000,0.0000000000,23,23,23,0,0
